#歌单名称	歌名	歌手	专辑	原平台	原歌曲ID
pop(QQ)	送你一朵小红花	赵英俊	送你一朵小红花 电影歌曲专辑	qq	002jNyoG3FhJQt
pop(QQ)	心要野	后海大鲨鱼	心要野	qq	003W0rCa3fqguj
pop(QQ)	呼吸有害	莫文蔚	呼吸有害 (电影《飞虎之雷霆极战》主题曲)	qq	001CeFxS3HjWBB
pop(QQ)	谁不曾拥有梦想	霍宝库	谁不曾拥有梦想	qq	001QONXB4T6PtS
pop(QQ)	朋友	谭咏麟	暴风女神Lorelei	qq	002I8eGJ28BI17
pop(QQ)	破茧	张韶涵	破茧(《斗罗大陆》动画2020年新主题曲)	qq	001Y7zXa1p0ryF
pop(QQ)	一念之间	告五人	带你飞	qq	000P5eK80T3IC3
pop(QQ)	茶底世界	丢火车乐队 / 贰佰 / 庄达菲	我们民谣2022 第10期	qq	002en20Y0FjnhJ
pop(QQ)	坏了	张芸京	相反的我	qq	0039P2Zo1oO6fz
pop(QQ)	不值得你爱我 (Not Worth You Love)	有余 / 任二三	未说出口的话	qq	000m4NIC18I05Z
pop(QQ)	时光啊	夏城南	时光啊	qq	001IYQ0v40dOKo
pop(QQ)	一直很安静	阿桑	仙剑奇侠传 电视剧原声带	qq	0029eQ0Z1Cxptl
pop(QQ)	未末	SwevenG骨子哥	未末(写给00后致以童年)	qq	001MbYTi3PhJ0R
pop(QQ)	如约而至	许嵩	寻宝游戏	qq	00451L5p43Jew4
pop(QQ)	第一次	光良	第1次个人创作专辑	qq	000cMGi72aaTnn
pop(QQ)	花与少年Rose N Boy	蒋一侨	Y	qq	003DI95h1inimy
pop(QQ)	彼岸的海	吉尼红美	彼岸的海	qq	002G4OKk4XRNV9
pop(QQ)	热辣滚烫	希林娜依高	热辣滚烫	qq	001eP3oj1wHFx0
pop(QQ)	归途有风	王菲	归途有风	qq	001Tnxla0VOiyz
pop(QQ)	空白	LunaLiu刘不语	空白	qq	000nZLKk1FTwK2
pop(QQ)	新造的人	郑宜农	周处除三害 电影原声带	qq	0049k6Pu1b8IT3
pop(QQ)	执迷不悔	王菲	执迷不悔	qq	002cMFsx1NCqMI
pop(QQ)	柳叶笺	朱彦安 / 张诗莉	柳叶笺	qq	003GIOxs12kdSc
pop(QQ)	生活倒影	苏运莹	幻	qq	000QQyiE1BCET1
pop(QQ)	梦返	黄霄雲	梦返	qq	002uJsik1HQOYw
pop(QQ)	故事还长	云汐	故事还长	qq	003IXn2x3tnmxy
pop(QQ)	夏天	李玖哲	好玖	qq	000pOCic0ArcYA
pop(QQ)	Letting Go	蔡健雅	说到爱	qq	004aJoYT3ia7al
pop(QQ)	我的纸飞机	GooGoo / 王之睿	我的纸飞机	qq	001PnQRU3zLNK3
pop(QQ)	星光就在前方	抠抠	星光就在前方	qq	002ePDHm35AqUl
pop(QQ)	在想你的夜我告诉自己 (Unforgotten)	银河快递 (Galaxy Express)	在想你的夜我告诉自己 (Unforgotten)	qq	000DNA9s4Eeuyf
pop(QQ)	时光洪流	程响	时光洪流	qq	001YVo3U4H3LLH
pop(QQ)	满天星辰不及你	ycccc	满天星辰不及你	qq	001NTymr2HdIZz
pop(QQ)	妈妈的话	Zyboy忠宇	妈妈的话	qq	0022U64e09G3CR
pop(QQ)	气象站台	Uu (刘梦妤)	气象站台	qq	000JumH938huIb
pop(QQ)	凄美地	郭顶	凄美地	qq	00057jkW1DsOrQ
pop(QQ)	我怀念的	孙燕姿	逆光	qq	000BO3xy4fd8BJ
pop(QQ)	一万次悲伤	逃跑计划	世界	qq	003k5eSn4Sb9ex
pop(QQ)	唯一	告五人	运气来得若有似无	qq	0023jgxa0Ym5yo
pop(QQ)	再见深海 (微亮的瞬间)	唐汉霄	再见深海 (微亮的瞬间)	qq	002ZGF1a36sLuM
pop(QQ)	生分	川青	生分	qq	004VAVkM0aRz7B
pop(QQ)	蚍蜉	花粥	蚍蜉	qq	003NDfjq0cfvfl
pop(QQ)	我记得	赵雷	署前街少年	qq	002dw4gv1ZmiGt
pop(QQ)	如愿	王菲	如愿	qq	001ufyHx10iWpg
pop(QQ)	素颜	许嵩 / 何曼婷	素颜	qq	004Gq0xE1YC8xp
pop(QQ)	嘉宾	张远	嘉宾	qq	001i36ji0C8Cov
pop(QQ)	把回忆拼好给你	cici_	把回忆拼好给你 (新版)	qq	001dnUhx480S1Y
pop(QQ)	给你一瓶魔法药水	告五人	玫瑰凭证	qq	002yfDQn4YfckB
pop(QQ)	借我	谢春花	算云烟	qq	000H3VYO0hU0ko
pop(QQ)	下潜	川青 / Morerare	下潜	qq	001NnrWZ3eeEVw
pop(QQ)	旅行日记	廖震豪 / 孙紫涵	旅行日记	qq	003yVcOt0UWfXE
pop(QQ)	我知道	BY2	Twins	qq	003upMMS1zgYzc
pop(QQ)	旅行者	街道办GDC	旅行者	qq	004YV3z82J7JaC
pop(QQ)	漠河舞厅	戴羽彤	漠河舞厅	qq	001h4Gdc1gdvPT
pop(QQ)	路过人间	郁可唯	路过人间 (演唱会Live限定版)	qq	002ic85X3x4zum
pop(QQ)	迷失幻境	IN-K / 王忻辰	回忆观影券	qq	002Vo1xP3z9BVS
pop(QQ)	爱，存在	林小珂	爱，存在	qq	003rsS2e3r8YNS
pop(QQ)	孤独颂歌	陈文非	孤独颂歌	qq	004YR7Dn03a2ge
pop(QQ)	New Boy	房东的猫	New Boy	qq	003UTVCN0QvffG
pop(QQ)	眼泪的错觉	王露凝 / 乔海清	眼泪的错觉	qq	000jH41L01zQ9h
pop(QQ)	越长大越孤单	牛奶咖啡	越长大越孤单	qq	002c1gqK40Lc0Y
pop(QQ)	阿拉斯加海湾	蓝心羽	阿拉斯加海湾	qq	002FHVgG4btehE
pop(QQ)	等一场大雨	苏星婕	等一场大雨	qq	001iyR1A1iIEzr
pop(QQ)	是你	梦然	是你	qq	000GVhGu078nKq
pop(QQ)	说谎	林宥嘉	感官/世界	qq	000W95Fk3lAVxV
pop(QQ)	喜欢	阿肆	喜欢	qq	0015EQT708bZlQ
pop(QQ)	夏天的风	Uu (刘梦妤)	夏天的风	qq	0020HNvU4GxTZN
pop(QQ)	走在冷风中	刘思涵	花开的声音	qq	001WXWsj0dbH5I
pop(QQ)	你是人间四月天	邵帅	你是人间四月天	qq	001w6xLH38QiQa
pop(QQ)	有梦可待	陈立农	幕后之王 电视原声音乐专辑	qq	004BORA80Vp39B
pop(QQ)	小城夏天	LBI利比（时柏尘）	小城夏天	qq	002ulOzb02Xbdo
pop(QQ)	记·念	雷雨心	第二季中国好歌曲十大金曲	qq	001evt7V0vXVYH
pop(QQ)	爱的魔法	金莎	他不爱我	qq	003QrvzS3248Wi
pop(QQ)	落在生命里的光	尹昔眠	落在生命里的光	qq	0038HM2J2C2T36
pop(QQ)	凤凰花开的路口	咻咻满	咻咻满翻唱集	qq	0006Uo3L0I01tu
pop(QQ)	往后余生	沈三北	往后余生	qq	000j1NVV1kUGNM
pop(QQ)	像鱼	王贰浪	像鱼	qq	000NHikR1jV7Zz
pop(QQ)	最美的期待	南征北战NZBZ	最美的期待	qq	001U6lTA1uRm2k
pop(QQ)	下雨天	南拳妈妈	优の良曲 南搞小孩	qq	000fCzhV29mdvP
pop(QQ)	分分钟需要你	林忆莲	陪着我走 In Search Of Lost Time	qq	00164b3R0T0usP
pop(QQ)	飞鸟和蝉	任然	飞鸟和蝉	qq	004Fimy419PpsA
pop(QQ)	飞云之下	韩红 / 林俊杰	飞云之下	qq	000fVqPH1RjwS3
pop(QQ)	化身孤岛的鲸	蔡明希-不才	十三夜之月	qq	000oxpSM3gyBXg
pop(QQ)	街角的祝福	张杰 / 戴佩妮	时光音乐会 第11期	qq	0013cqKw2ETyiM
pop(QQ)	嚣张	en (王翊恩)	嚣张	qq	001Hp44V3pCQ53
pop(QQ)	昨日青空	尤长靖	昨日青空	qq	001QGcyU3RXtdA
pop(QQ)	这世界那么多人	林志炫	时光音乐会 第12期	qq	004eMajX2eny3V
pop(QQ)	冬眠	司南	冬眠	qq	001U2GJO2hSzQW
pop(QQ)	我的秘密	G.E.M.邓紫棋	My Secret	qq	002wKHHm42wVh1
pop(QQ)	天亮以前说再见	何野	天亮以前说再见	qq	002pk70j0rkJOE
pop(QQ)	浪子回头	茄子蛋	卡通人物	qq	002k8c6r0k22LF
pop(QQ)	一路生花	晓钗	一路生花	qq	003SKBwR4RlHcS
pop(QQ)	像小时候一样	郁可唯	像小时候一样	qq	003MuFqD3MIxWT
pop(QQ)	空城	杨坤	杨坤 同名专辑	qq	004OxZnj2SktXa
pop(QQ)	无名的人	毛不易	无名的人	qq	002QhULf16tWw1
pop(QQ)	离开	街道办GDC / 欧阳耀莹	大城市中央	qq	0046ES4f3o3leN
pop(QQ)	一生有你	水木年华	青春正传	qq	00417x4J1oaZre
pop(QQ)	南山南	马頔	孤岛	qq	001abixR3f8L59
pop(QQ)	给女儿的一封信	金玟岐	金玟岐·专场	qq	0049SBWI1fEBjG
pop(QQ)	后会无期	G.E.M.邓紫棋	后会无期 电影原声带	qq	003de5C906SZp9
pop(QQ)	生来倔强	南征北战NZBZ	生来倔强	qq	003LtC4H15LRSE
pop(QQ)	骄傲的少年	南征北战NZBZ	6415	qq	001HlbWF0AYO5G
pop(QQ)	复乐园	木头	流金岁月 电视剧原声带	qq	003KqfYC4edtBZ
pop(QQ)	太阳月亮	毛不易	流金岁月 电视剧原声带	qq	003DO3zm417ucP
pop(QQ)	春娇与志明	街道办GDC / 欧阳耀莹	春娇与志明	qq	004Uln1G2Aunqw
pop(QQ)	你，好不好？	Eric周兴哲	你，好不好？	qq	00422Uev4dpLmR
pop(QQ)	夏至未至	胡夏	夏至未至 电视剧原声带	qq	0021pZYn28C3e9
pop(QQ)	雪落下的声音	陆虎	延禧攻略OST	qq	003nIdG82oTT9N
pop(QQ)	画	G.E.M.邓紫棋	画 (Live Piano Session Ⅱ)	qq	000P8peU0HhORi
pop(QQ)	静悄悄	曲肖冰	静悄悄	qq	000WyUF03DywGy
pop(QQ)	星光降落	王宗介	星光降落	qq	001IlagC37o5kQ
pop(QQ)	成都	赵雷	无法长大	qq	001bhwUC1gE6ep
pop(QQ)	少年	梦然	少年	qq	000S7TGL43hhBO
pop(QQ)	西安人的歌	范炜与程渤智	西安人的歌	qq	001mHjnK2EoeeF
pop(QQ)	梦伴	李悦君	同名专辑	qq	001aHqfj1hDgTD
pop(QQ)	一次就好	杨宗纬	夏洛特烦恼 电影原声带	qq	0031MMo90FDbTl
pop(QQ)	你曾是少年	S.H.E	你曾是少年	qq	000yIGC14RGJ0I
pop(QQ)	至少还有你	林忆莲	林忆莲's	qq	002QOSPX0bEK4f
pop(QQ)	你不知道的事	王力宏	十八般武艺	qq	004OhZs82CZXfA
pop(QQ)	正方形的圆	芜湖大司马	正方形的圆	qq	0043g0HT20aM94
pop(QQ)	爱着爱着就永远	田馥甄	渺小	qq	002zGrP22qjgpf
pop(QQ)	十年	陈奕迅	黑白灰	qq	001OyHbk2MSIi4
pop(QQ)	红豆	王菲	云妮钟情	qq	002FVy042rX6FP
pop(QQ)	玩具	岛屿心情	纷纭	qq	004LrVlR197AFB
pop(QQ)	为了遇见你	戚薇 / 杨宗纬	中国音乐电视	qq	000Toeg91Y467J
pop(QQ)	可不可以	张紫豪	可不可以	qq	004NaB9p1Ec75l
pop(QQ)	就是爱你	程一	程一电台精选集	qq	003FYO0A3Rgiep
pop(QQ)	亲爱的你怎么不在我身边	江美琪	想起	qq	000aHlCj4Kghik
pop(QQ)	短叹	房东的猫 / 梁晓雪	房东的猫	qq	002gEmRT2iQp0x
pop(QQ)	模样	张悬	SONYBMG华语音乐快递10	qq	0002vrtw1GElQW
pop(QQ)	遇到	方雅贤	恶作剧之吻 电视剧原声带	qq	003qTYEG1Pyq0M
pop(QQ)	偏爱	张芸京	新绝版-女人心	qq	000FXX9t3Lwb47
pop(QQ)	为你写诗	吴克群	情人节	qq	001YvXwf3f4KmY
pop(QQ)	断点	张敬轩	My Way	qq	002mASQc3pH9Hx
pop(QQ)	温柔	大山	大牌遇见好声音 第10期	qq	00102PAt2rXl4C
pop(QQ)	讲不出再见	谭咏麟	梦幻的笑容	qq	000x5mxM09O8wG
pop(QQ)	不具名的悲伤	罗志祥	有我在	qq	003wXwHF2AW9bV
pop(QQ)	再见	张震岳	再见	qq	002JJw5C2mZ18L
pop(QQ)	蓝莲花	许巍	曾经的你	qq	002RKDzH1kOOy3
pop(QQ)	拾忆	张翰	一起来看流星雨 原声音乐辑	qq	001eQQTv46OKLp
pop(QQ)	洋葱	杨宗纬	鸽子	qq	003if7SP4fhnJd
pop(QQ)	如果没有你	莫文蔚	K情歌	qq	0043GGT20vG9OZ
pop(QQ)	其实都没有	杨宗纬 / 杨旭 / 于冬然 / 范甲君	我想和你唱第二季 第4期	qq	003204Rq3AtMbE
pop(QQ)	北京东路的日子	华语群星		qq	000SBMxP3IK4ey
pop(QQ)	画心	张靓颖 / 卢昶宇 / 王艺陶 / 李秉成	我想和你唱第二季 第6期	qq	000WMDXj47ApRt
pop(QQ)	画心	张靓颖	画心	qq	0045cdSn27l6YM
pop(QQ)	可惜不是你	梁静茹	滚石三十青春音乐记事簿-交换日记	qq	001wMtBk2UbVOs
pop(QQ)	凉城	任然	后继者	qq	002SKEeh1VzObP
pop(QQ)	凉凉	张碧晨 / 陈奕夫 / 傲日其愣 / 唐倩	我想和你唱第二季 第4期	qq	003dhemi2DfRl5
pop(QQ)	还能孩子多久	曾轶可	Forever Road	qq	0002LoQM0ZpYSz
pop(QQ)	城府	许嵩	许嵩早期单曲集	qq	0040LXJE2q7t6o
pop(QQ)	断桥残雪	许嵩	许嵩早期单曲集	qq	004ENQPZ0dHaqy
pop(QQ)	Super Star	S.H.E	Super Star	qq	001ySuen4OziiU
pop(QQ)	魔鬼中的天使	田馥甄	My Love	qq	000us9j40zyooq
pop(QQ)	想你的夜	关喆	永远的永远	qq	002585Ee3hWnO5
pop(QQ)	追光者	岑宁儿	夏至未至 电视剧原声带	qq	0006V3BG48q1uP
pop(QQ)	爱的双重魔力	BY2	成人礼	qq	001RYowC3Trxoq
pop(QQ)	心墙	林俊杰	她说 概念自选辑	qq	0005WAB54TCYSn
pop(QQ)	光	陈粒	如也	qq	000X41LW079jRG
pop(QQ)	新贵妃醉酒	李玉刚	全年伤感歌曲大盘点3	qq	000qfWgn3F1cD1
pop(QQ)	爱，很简单	陶喆	陶喆同名专辑	qq	001yZ7Tf0kudte
pop(QQ)	国王与乞丐	华晨宇 / 杨宗纬	异类	qq	000VdyNV4aPPTw
pop(QQ)	倒带	蔡依林	遇见100%幸福1 烈爱红盘	qq	000jFBDf4Nj8X7
pop(QQ)	无与伦比的美丽	苏打绿	无与伦比的美丽	qq	0033bA6D1dUzEB
pop(QQ)	想你想你想我	巴音汗	想你想你想我	qq	002KTx3k22ovu4
pop(QQ)	你不是真正的快乐	G.E.M.邓紫棋	我是歌手第二季 半决赛	qq	001KEm381OxiXv
pop(QQ)	My Heart Will Go On	满舒克 / MuSik I / 廖伟珊	My Heart Will Go On	qq	002WFWqf1cLI08
pop(QQ)	爱的回归线	陈韵若 / 陈每文	爱情公寓3 电视剧原声带	qq	002xpBxA13oPjq
pop(QQ)	小情歌	苏打绿	6号出口 电影原声带	qq	002mhvaS0cYZhi
pop(QQ)	泡沫	G.E.M.邓紫棋	The Best of G.E.M. 2008-2012	qq	000cwwze4FkFj4
pop(QQ)	江南	林俊杰	第五届百事音乐风云榜	qq	002yBISd3F1EaW
pop(QQ)	我们不该这样的	张赫煊	北上广不相信眼泪 电视剧原声带	qq	00495F3N3DQeRg
pop(QQ)	后来	刘若英	滚石香港黄金十年 刘若英精选	qq	001RVNAD10U3cJ
pop(QQ)	梦的光点	王心凌	Cyndi With U	qq	001SU8wX02axe6
pop(QQ)	愿得一人心	李行亮	最美的时光 电视剧原声带	qq	002rkRSq1Miogv
pop(QQ)	你就不要想起我	田馥甄	渺小	qq	001J4FTi3A2UH8
pop(QQ)	神话情话	周华健 / 齐豫	电视剧歌曲大全	qq	000XJJfb1JwS94
pop(QQ)	感谢你曾来过	Ayo97 / 周思涵	卧龙与酒	qq	0042xeq137FRKW
pop(QQ)	多远都要在一起	G.E.M.邓紫棋	中国音乐电视	qq	0021fj0j4HStMC
pop(QQ)	倒数	G.E.M.邓紫棋	另一个童话	qq	003jjoM94WLiTf
pop(QQ)	天下无双	张靓颖	神雕侠侣 电视主题曲原声大戏	qq	002sjtbA1K4ASF
pop(QQ)	好久不见	陈奕迅	认了吧	qq	004M3yRr3kOfnS
pop(QQ)	她说	林俊杰	他是... JJ林俊杰	qq	001Qzwf628MDCz
pop(QQ)	我很快乐	刘惜君	爱情花园	qq	0027opWa4PxDhg
pop(QQ)	说谎	林宥嘉	杜拉拉升职记	qq	000pnKlx1Q0S7j
pop(QQ)	小半	陈粒	小梦大半	qq	001hs89m3C5p3g
pop(QQ)	其实都没有	杨宗纬	环球'赞'SING秀	qq	002JGaP80Y09Zg
pop(QQ)	你瞒我瞒	陈柏宇	五年新曲加精选	qq	003aO1KY3ZC9zG
pop(QQ)	好心分手	卢巧音 / 王力宏	不能不爱... 卢巧音精选	qq	000599Bh1CvCoG
pop(QQ)	认错	许嵩	自定义	qq	003nzgAn0jKPGF
pop(QQ)	我好想你	苏打绿	秋：故事（苏打绿版）	qq	004Hy0mj2EEvtO
pop(QQ)	老男孩	筷子兄弟	2015江苏卫视新年演唱会	qq	0003LQew3TmUTA
pop(QQ)	阁楼	陈慧琳	Kelly Stylish Index	qq	000yPu3L4VizmP
pop(QQ)	霞光	曲锦楠	霞光	qq	003p3ky81zgV0H
pop(QQ)	未见青山老	以冬	未见青山老	qq	000CdpsK3QGJsV
pop(QQ)	知足	五月天	LOVE 国语情歌集	qq	0041DAzv3s78JK
pop(QQ)	路...一直都在	陈奕迅	MOOV Music 1	qq	000eD1t22fry6X
pop(QQ)	Here We Are	华晨宇	Here We Are	qq	002Gsy3i3LtNty
pop(QQ)	需要人陪	王力宏	十八般武艺	qq	004AeIvh4ML0Bz
pop(QQ)	雨爱	杨丞琳	雨爱	qq	000rh0dE2TyUic
pop(QQ)	宏愿	周柏豪	Imperfect Collection	qq	004aEV821P0wRE
pop(QQ)	房间	刘瑞琦	私房歌	qq	001evmuP29rXfo
pop(QQ)	泡沫	G.E.M.邓紫棋	The Best of G.E.M. 2008-2012	qq	004J0XSB3oc1SK
pop(QQ)	一直很安静	阿桑	寂寞在唱歌	qq	003lQEcy4Ng0wQ
pop(QQ)	喜欢你	G.E.M.邓紫棋	喜欢你	qq	002G0sJY2wThyx
pop(QQ)	明天，你好	牛奶咖啡	Lost & Found去寻找	qq	002OrhQA0bNYFg
pop(QQ)	虹之间	金贵晟	爱情公寓4 电视剧原声带	qq	0049dpyC1edsSl
pop(QQ)	依然	Panta.Q / 吴卓源	依然	qq	00405BYM2n3F0d
pop(QQ)	我的秘密	G.E.M.邓紫棋	The Best of G.E.M. 2008-2012	qq	002qaWTe07sLNq
pop(QQ)	没有什么不同	曲婉婷	Everything In The World (Deluxe Version)	qq	003gab3g2kUMwd
pop(QQ)	淋雨一直走	张韶涵	有形的翅膀	qq	000jgeta4Havfd
pop(QQ)	说散就散	袁娅维TIA RAY	说散就散	qq	003vUjJp3QwFcd
pop(QQ)	一百万个可能	Christine Welch	一百万个可能	qq	000eXvbv2GXLdW
pop(QQ)	座右铭	吴雨霏	霏凡之选	qq	000xjzqm0pxJAa
pop(QQ)	带我走	杨丞琳	K情歌8	qq	0004xQt50TObMY
pop(QQ)	从前慢	刘胡轶	第二季中国好歌曲十大金曲	qq	002HTYKA1p8XUW
pop(QQ)	七月上	Jam	阿敬的单曲集	qq	004P9zLK3JjSMX
pop(QQ)	连续剧	容祖儿	Hopelessly Romantic Collection	qq	002JL8VK39Lsnu
pop(QQ)	遇萤	只有影子	遇萤	qq	000SfcIA34yrE3
pop(QQ)	如果有来生	谭维维	谭某某	qq	0042Py1049zWYE
pop(QQ)	座右铭	吴雨霏	The Present Concert	qq	002LQw1y3xjTZa
pop(QQ)	笔记	周笔畅	超级女声 终极PK	qq	003YrqUn0Lalq2
pop(QQ)	来自天堂的魔鬼	G.E.M.邓紫棋	新的心跳	qq	004dFFPd4JNv8q
pop(QQ)	小幸运	田馥甄	我的少女时代 电影原声带	qq	001zgoLn3UZwoX
pop(QQ)	匆匆那年	王菲	匆匆那年	qq	003KExF60zMMGK
pop(QQ)	天亮了	韩红	韩红精选	qq	001gBnEV1RM4zZ
pop(QQ)	光年之外	G.E.M.邓紫棋	光年之外	qq	002E3MtF0IAMMY
pop(QQ)	易燃易爆炸	陈粒	如也	qq	00394LZb2KXqak
pop(QQ)	远走高飞 (日晒或是风吹 我都无所谓)	金志文	Hello 1	qq	0027zPYs3A9fyb
pop(QQ)	锦鲤抄	银临 / 云之泣	腐草为萤	qq	00289GmS1BCkev
pop(QQ)	红昭愿	音阙诗听	诗	qq	002IWBxU47dwlj
pop(QQ)	时间煮雨	郁可唯	小时代1：折纸时代 电影原声带	qq	000nIBkR4WmTd9
pop(QQ)	最美的期待	周笔畅	最美的期待	qq	003YC3p31HyR96
pop(QQ)	给我一个理由忘记	A-Lin	寂寞不痛（金曲闪耀影音珍藏盘）	qq	000so2FU3l67yw
pop(QQ)	烟火里的尘埃	华晨宇	卡西莫多的礼物	qq	000AejPt3Zm9N6
pop(QQ)	野子	苏运莹	第二季中国好歌曲十大金曲	qq	001PedLg4dakYI
pop(QQ)	带我去找夜生活	告五人	带我去找夜生活	qq	000lu1gN36aAO9
pop(QQ)	岛屿	棱镜乐队	石头想有糖的温度	qq	004BQv0b4azxPs
pop(QQ)	爱在夏天	告五人	爱在夏天	qq	001LaNSq04o0EC
pop(QQ)	叶子	田馥甄	Love! To Hebe 影音馆Live	qq	001uxdAz3JBviW
pop(QQ)	执迷不悟	鱿籽酱	执迷不悟	qq	000uFiJ13sxDwu
pop(QQ)	愿得一心人	周深	愿得一心人	qq	00251Bz50yMRcf
pop(QQ)	凡人	段奥娟	凡人修仙传 第一季  动画剧原声带	qq	003MrV774NKohD
pop(QQ)	你是人间四月天	邵帅	跨界歌王第五季 第5期	qq	004BZtcT056AWi
pop(QQ)	如果这就是爱情	卡捷琳娜（Katya）	如果这就是爱情(正式版)	qq	001oKX2d4dkJGw
pop(QQ)	最近	吕口口	最近 (女生版)	qq	001E1QyK3lU1bs
pop(QQ)	爱你-伴奏	王贰浪	爱你	qq	002wJ3Ht0vNu5u
pop(QQ)	他不懂	张杰	跨年演唱会2013-2014 华语篇	qq	000qG7KZ1gf1En
pop(QQ)	说爱你	刘至佳	说爱你	qq	0022fsjW39a0zG
pop(QQ)	MOM	蜡笔小心Carrie	MOM	qq	001CEpvB26jFhy
pop(QQ)	万有引力	F*yy	万有引力	qq	002KKfff4MgFzh
pop(QQ)	像我这样的人	毛不易	明日之子 第8期	qq	00375L600p9sxv
pop(QQ)	界限 (博君一肖同人曲)	阿七本七		qq	002Ivgld0mt0Xz
pop(QQ)	太阳	Mr.Right	太阳	qq	001k436q28cWtl
pop(QQ)	食色	音阙诗听 / 林清弄	听	qq	003iQCV71F3Sda
pop(QQ)	我愿意平凡的陪在你身旁	王七七	我愿意平凡的陪在你身旁	qq	000GTvsD0OzVPM
pop(QQ)	Burn	蔡恩雨	Burn	qq	000FKn432RENdw
pop(QQ)	独家记忆	王超群	独家记忆	qq	003rDlYG0AV3eN
pop(QQ)	你的答案	阿冗	把爱都给你	qq	0048cLQy1WMabs
pop(QQ)	世间美好与你环环相扣	柏松	听闻余生	qq	004XRSad40aO3E
pop(QQ)	漂向北方	黄明志Namewee / G.E.M.邓紫棋		qq	0042xUPZ1TFV58
pop(QQ)	麻雀	李荣浩	麻雀	qq	000lv3Zi13dSVA
pop(QQ)	关于孤独我想说的话	隔壁老樊_樊凯杰	我曾	qq	002rE19H4WxOJo
pop(QQ)	慢慢喜欢你	莫文蔚	我们在中场相遇	qq	002kkJSE0IeS1F
pop(QQ)	无名之辈	陈雪燃	亲爱的，热爱的 影视原声带	qq	004M1eG80Zc3DZ
pop(QQ)	飞云之下	林俊杰 / 韩红	我想和你唱第三季 第12期	qq	001A5PTK2nTVeo
pop(QQ)	温暖	黄星瑞_RA / 靳东	温暖	qq	0040jIMT3eDW4o
pop(QQ)	去年夏天	王大毛	去年夏天	qq	004XePmv4CsaEq
pop(QQ)	勾指起誓	泠鸢yousa	泠鸢yousa的翻唱电台	qq	001N2Ymh2QMeI2
pop(QQ)	你的酒馆对我打了烊	陈雪凝	陈雪凝 - 你的酒馆对我打了烊 (DJ 敏少 ReMix)	qq	000i66vj3lEDc8
pop(QQ)	体面	夏雨菲	体面	qq	003WsWkv3G1Kzs
pop(QQ)	绿色	陈雪凝	绿色	qq	0021rBlZ1gQiLy
pop(QQ)	打上花火	米津玄師	BOOTLEG	qq	001RaE0n4RrGX9
pop(QQ)	云烟成雨	房东的猫	云烟成雨	qq	001yYM0I30CzdP
pop(QQ)	公园	花粥	很多无处存放的歌曲	qq	001nstxq2M3XEd
pop(QQ)	遇见	伦桑	遇见	qq	002bFuAj0upffJ
pop(QQ)	起风了	买辣椒也用券	起风了 (旧版)	qq	0004jPDk2eB2dt
pop(QQ)	继续 Demo	Nacho	Demo杂集	qq	002UvGcO2hpUxU
pop(QQ)	不觉晴光老	江城原创音乐团队	不觉晴光老	qq	001ofo3L1WVdPV
pop(QQ)	有点甜	汪苏泷 / BY2	万有引力	qq	001bdYk41BCfRi
pop(QQ)	爱情转移	陈奕迅	爱情呼叫转移	qq	004ff6bV3wHhjt
pop(QQ)	后会无期	徐良 / 汪苏泷	不良少年	qq	004gZy7l1GYJ1Q
pop(QQ)	可乐	赵紫骅	可乐	qq	000rExbG03qRId
pop(QQ)	牵丝戏	萧玄	古风萧玄2	qq	000akMVE2ji3xj
pop(QQ)	山外小楼夜听雨	任然	从小到大	qq	001hoRPW23jSPU
pop(QQ)	爱呀	金玟岐	金玟岐作品集	qq	000WMMNx0tHnhW
pop(QQ)	采茶纪	双笙 (陈元汐)	原创歌曲合集	qq	004Kxue107QgYM
pop(QQ)	凉凉	于毅 / 娄艺潇	跨界歌王第二季 第7期	qq	003eGWr82qtmTw
pop(QQ)	曾经的你	许巍	每一刻都是崭新的	qq	004XcdPX08dOus
pop(QQ)	终于等到你	张靓颖	第七感	qq	003dIT9t46SLw8
pop(QQ)	我的天空	南征北战NZBZ	青春派 电影原声带	qq	0043WGTm3kacAQ
pop(QQ)	被驯服的象	蔡健雅	天使与魔鬼的对话	qq	004AUBNe2ayqrK
pop(QQ)	最后的旅行	Rainton桐		qq	0017OcfA2YPamM
pop(QQ)	岁月神偷	金玟岐	金玟岐作品集	qq	003TzVsK1AaxJp
pop(QQ)	匿名的好友	杨丞琳	杨丞琳 再见 青春 极精选	qq	003VkPGS4WSyvP
pop(QQ)	晴天	周杰伦	叶惠美	qq	0039MnYb0qxYhV
pop(QQ)	再见	G.E.M.邓紫棋	新的心跳	qq	003sYHuC3aBd4r
pop(QQ)	劲歌. 金曲2 (情歌王)	古巨基	我还是你的 情歌王	qq	0010QsDk3bIpfB
pop(QQ)	绅士	薛之谦	绅士	qq	001CG3wA3QkuJS
pop(QQ)	理想三旬	陈鸿宇	众乐纪壹 迷城行歌	qq	001V9klI4cA5YA
pop(QQ)	说散就散	JC 陈咏桐	说散就散	qq	0000IMz11ZP6GY
pop(QQ)	房间	刘瑞琦	大丈夫 电视剧原声带	qq	000BQN8F1YTHXK
pop(QQ)	最后的旅行	Rainton桐		qq	002DZiEN0NUg2l
pop(QQ)	造梦者	以冬		qq	003QplkH3wXLIG
pop(QQ)	你的微笑	F.I.R.飞儿乐团	爱恨一百年	qq	004fEznV1CqTHj
pop(QQ)	恶作剧	王蓝茵	恶作剧之吻 电视剧原声带	qq	003mRf8u26lMMY
pop(QQ)	当你	林俊杰	她说 概念自选辑	qq	001nUzRq0GgCVb
pop(QQ)	一笑倾城	汪苏泷	微微一笑很倾城 电视剧原声带	qq	002xMLIa1JcZk0
pop(QQ)	天后	陈势安	天后	qq	003J4Xjo1NJvck
pop(QQ)	风的季节	Soler	Canto	qq	001LrM7Q2mM7ZO
pop(QQ)	你瞒我瞒	陈柏宇	Can't Be Half	qq	001EgTUP43EmU2
pop(QQ)	红色高跟鞋	蔡健雅	若你碰到他	qq	003IGhQO0JdnuC
pop(QQ)	退	蒋蒋	庸医	qq	001rjW8Z4ZhXiy
pop(QQ)	非酋	薛明媛 / 朱贺	非酋	qq	003Naz5p1bcB7h
pop(QQ)	遇见	杨搏		qq	003Q4NPg05HINt
pop(QQ)	白月光与朱砂痣	大籽	白月光与朱砂痣	qq	002iqQ4I1wyB7L
pop(QQ)	天外来物	薛之谦	天外来物	qq	0013WPvt4fQH2b
粤语(网易云)	离家出走	卫兰	Do U Know...	wy	26039322
粤语(网易云)	大哥	卫兰	叱吒新一代	wy	5256469
粤语(网易云)	好心分手	卢巧音	十年选	wy	94663
粤语(网易云)	习惯失恋 (Live In Hong Kong / 2015)	容祖儿	Joey Yung X Hacken Lee Concert 2015	wy	40140636
粤语(网易云)	真的爱你	Beyond	Beyond 怀旧经典金曲 Vol. 2	wy	1857483755
粤语(网易云)	我什么都没有(Live)	陈奕迅	DUO 陈奕迅2010演唱会	wy	64574
粤语(网易云)	不如不见	陈奕迅	What's Going On…?	wy	65769
粤语(网易云)	最冷一天	陈奕迅	ReImagine Leslie Cheung	wy	186331
粤语(网易云)	人来人往 (Live)	陈奕迅	Get A Life (Live)	wy	65923
粤语(网易云)	K歌之王 (Live)	陈奕迅	Get A Life (Live)	wy	65919
粤语(网易云)	明年今日 (2007 Live)	陈奕迅	Eason Moving On Stage 1 (Live)	wy	65312
粤语(网易云)	岁月如歌+兄妹(Live)	陈奕迅	陈奕迅 & 叶倩文 903 id Club 拉阔音乐会	wy	66524
粤语(网易云)	打回原形 (2007 Live)	陈奕迅	Eason Moving On Stage 1 (Live)	wy	65234
粤语(网易云)	信心花舍 (2007 Live)	陈奕迅	Eason Moving On Stage 1 (Live)	wy	65165
粤语(网易云)	忘记歌词 (Live)	陈奕迅	Get A Life (Live)	wy	65890
粤语(网易云)	抱拥这分钟(Live)	陈奕迅	DUO 陈奕迅2010演唱会	wy	64578
粤语(网易云)	Shall We Talk (Live)	陈奕迅	Get A Life (Live)	wy	65855
粤语(网易云)	十面埋伏 (Live)	陈奕迅	Get A Life (Live)	wy	65904
粤语(网易云)	无人之境	陈奕迅	Time Flies	wy	64625
粤语(网易云)	陀飞轮	陈奕迅	Time Flies	wy	64638
粤语(网易云)	单车(Live)	陈奕迅	DUO 陈奕迅2010演唱会	wy	64561
粤语(网易云)	倾城 (Live)	陈奕迅	Concert YY 黄伟文作品展 演唱会	wy	27867449
粤语(网易云)	一丝不挂	陈奕迅	Time Flies	wy	64634
粤语(网易云)	幸福摩天轮 (Live In Hong Kong, 2013)	陈奕迅	Eason's Life 陈奕迅2013演唱会	wy	28160877
粤语(网易云)	与我常在(Live)	陈奕迅	DUO 陈奕迅2010演唱会	wy	64522
粤语(网易云)	月球上的人	陈奕迅	Solidays 新曲+精选	wy	64962
粤语(网易云)	富士山下	陈奕迅	Solidays 新曲+精选	wy	64956
粤语(网易云)	黑择明	陈奕迅	Solidays 新曲+精选	wy	64946
粤语(网易云)	裙下之臣	陈奕迅	Solidays 新曲+精选	wy	64936
粤语(网易云)	苦瓜	陈奕迅	Stranger Under My Skin	wy	64293
粤语(网易云)	碌卡	陈奕迅	...3mm	wy	64026
粤语(网易云)	落花流水	陈奕迅	Life Continues…	wy	65802
粤语(网易云)	最佳损友	陈奕迅	Life Continues…	wy	65800
粤语(网易云)	神奇化妆师	陈奕迅	？	wy	64141
粤语(网易云)	张氏情歌	陈奕迅	？	wy	64111
粤语(网易云)	三个人的探戈	陈奕迅	U87	wy	66288
粤语(网易云)	葡萄成熟时	陈奕迅	U87	wy	66285
粤语(网易云)	浮夸	陈奕迅	U87	wy	66282
粤语(网易云)	阿牛	陈奕迅	U87	wy	66265
粤语(网易云)	沙龙	陈奕迅	H³M	wy	64833
粤语(网易云)	不来也不去	陈奕迅	H³M	wy	64829
粤语(网易云)	七百年后	陈奕迅	H³M	wy	64815
粤语(网易云)	于心有愧	陈奕迅	H³M	wy	64797
粤语(网易云)	床头床尾	陈奕迅	The Key	wy	27483199
粤语(网易云)	失忆蝴蝶	陈奕迅	The Key	wy	27483203
粤语(网易云)	远在咫尺	陈奕迅	The Key	wy	27483206
粤语(网易云)	任我行	陈奕迅	The Key	wy	27483202
粤语(网易云)	斯德哥尔摩情人	陈奕迅	The Key	wy	27483204
粤语(网易云)	主旋律	陈奕迅	The Key	wy	26523013
粤语(网易云)	粤语残片	陈奕迅	What's Going On…?	wy	65778
粤语(网易云)	让一切随风	钟镇涛	听涛	wy	194769
粤语(网易云)	海阔天空	Beyond	海阔天空	wy	347230
粤语(网易云)	喜帖街	谢安琪	Binary	wy	308299
粤语(网易云)	倩女幽魂	张国荣	Ultimate	wy	188175
粤语(网易云)	唉声叹气	郑秀文	Sammi Ultimate Collection	wy	328153
粤语(网易云)	狮子山下	罗文	Denon Mastersonic 罗文	wy	25638765
粤语(网易云)	戒不掉（原声版）	欧阳耀莹	戒不掉（原声版）	wy	1299889486
粤语(网易云)	柳叶笺	朱彦安 / 张诗莉	柳叶笺	wy	553795744
粤语(网易云)	吴哥窟	吴雨霏	我本人	wy	298258
粤语(网易云)	春夏秋冬	张国荣	I Am What I Am	wy	186453
粤语(网易云)	梦伴	李悦君Ericaceae	历久尝新	wy	26584453
粤语(网易云)	飘雪	陈慧娴	归来吧	wy	212430
粤语(网易云)	少女的祈祷	杨千嬅	Kiss Me Soft avep1	wy	29593497
粤语(网易云)	Where Did U Go	G.E.M.邓紫棋	G.E.M.	wy	234064
粤语(网易云)	月半小夜曲	李克勤	经典金曲	wy	115162
粤语(网易云)	讲不出再见	谭咏麟	二十年白金畅销金曲全记录	wy	152392
粤语(网易云)	一生中最爱	谭咏麟	一生中最爱	wy	153784
粤语(网易云)	失恋王	陈小春	失恋王	wy	64006
粤语(网易云)	前所未见	陈慧琳	Stylish Index(第2版)	wy	213673
粤语(网易云)	最爱	周慧敏	最爱	wy	329925
粤语(网易云)	Night Star	SimYee陈芯怡 / Mr.16罗隽永	Night Star	wy	1315568574
粤语(网易云)	安守本份 2017	谷娅溦	安守本份 2017	wy	559261010
粤语(网易云)	宏愿	周柏豪	Follow	wy	191534
粤语(网易云)	傻女	陈慧娴	陈慧娴金曲精选26首	wy	212376
粤语(网易云)	面具	许廷铿	Blue蓝调	wy	174122
粤语(网易云)	爱得太迟	古巨基	Human 我生	wy	86477
粤语(网易云)	少女的祈祷	杨千嬅	鼓舞辉阳	wy	67249
粤语(网易云)	不只爱情	区文诗	Angela	wy	280389
粤语(网易云)	越难越爱	吴若希	越难越爱 Love Collection 精选	wy	29759373
粤语(网易云)	无赖	郑中基	怪胎	wy	191046
粤语(网易云)	小白	周柏豪	小白	wy	30245576
粤语(网易云)	红玫瑰	陈奕迅	认了吧	wy	65533
粤语(网易云)	白玫瑰	陈奕迅	What's Going On…?	wy	65761
粤语(网易云)	够钟	周柏豪	Follow	wy	191528
粤语(网易云)	天梯 (Live)	李克勤	我是歌手第四季 第10期	wy	407002484
粤语(网易云)	七友	梁汉文	梁汉文集	wy	118261
粤语(网易云)	爱与诚	古巨基	大雄	wy	86849
粤语(网易云)	光辉岁月	Beyond	Beyond 24K Gold 金碟至尊精选	wy	32701160
粤语(网易云)	恋上外星人	张智霖	ChiLam What is Love IIOII	wy	192339
Sing(网易云)	Dehors	JORDANN	Dehors	wy	1815725297
Sing(网易云)	She	Jami Soul / Mr. Bang / 시나에	여보세요	wy	5307435
Sing(网易云)	Where Is The Love?	Black Eyed Peas / Justin Timberlake	Where Is The Love?	wy	16808807
Sing(网易云)	Keep You Mine	NOTD / SHY Martin	Keep You Mine	wy	1381706037
Sing(网易云)	Aloha Heja He	Achim Reichel	Melancholie und Sturmflut	wy	32337953
Sing(网易云)	Where'd You Go	Fort Minor / Skylar Grey / Jonah Matranga	Where'd You Go	wy	1345171
Sing(网易云)	Touch	3LAU / Carly Paige	Ultraviolet	wy	534228257
Sing(网易云)	Bleeding Love	Leona Lewis	Bleeding Love	wy	2923416
Sing(网易云)	How Far I'll Go	Auli'i Cravalho	Moana (Original Motion Picture Soundtrack) [Deluxe Edition]	wy	441102482
Sing(网易云)	Break Up In A Small Town	Sam Hunt	Montevallo	wy	29592100
Sing(网易云)	Lemon Tree	Fool's Garden	Lemon Tree	wy	1300270666
Sing(网易云)	Holy Grail (Adieu Remix)	Adieu	Holy Grail (Adieu Remix)	wy	37092830
Sing(网易云)	Shots	Imagine Dragons	Shots	wy	30373640
Sing(网易云)	Natural	Imagine Dragons	Origins (Deluxe)	wy	1294378245
Sing(网易云)	Warriors	Imagine Dragons	Warriors (Official Anthem of League of Legends 2014 World Championship)	wy	29401226
Sing(网易云)	Fly Me To The Moon	Olivia Ong	Audiophile Selection	wy	26118397
Sing(网易云)	Battle Symphony	Linkin Park	One More Light	wy	460043748
Sing(网易云)	Sober Up	AJR / Rivers Cuomo	The Click	wy	487454612
Sing(网易云)	Let The Games Begin	AJR	Let The Games Begin	wy	36102468
Sing(网易云)	Bud Like You	AJR	The Click	wy	487454620
Sing(网易云)	Wrap Me in Plastic	CHROMANCE / Marcus Layton	Wrap Me in Plastic	wy	1383205688
Sing(网易云)	Someone Like You	Adele	Someone Like You	wy	16435049
Sing(网易云)	ロマンティックあげるよ	橋本潮	ドラゴンボール全曲集	wy	4989685
Sing(网易云)	Waiting For Love (Live)	Avicii / Martin Garrix / Simon Aldred	Waiting For Love	wy	31356499
Sing(网易云)	See You Again	Boyce Avenue / Bea Miller	Cover Sessions, Vol. 4	wy	33941662
Sing(网易云)	colorblind	Mokita	colorblind	wy	1401899720
Sing(网易云)	All This Time	Britt Nicole	All This Time (Performance Tracks)	wy	2189841
Sing(网易云)	Waterfall	Joni	A Dal 2014	wy	28251526
Sing(网易云)	Don't Push Me	Sweetbox	Complete Best Classic Flavors	wy	461347162
Sing(网易云)	Try	P!nk	NRJ 200% Hits 2013	wy	26362173
Sing(网易云)	Waiting	Vicetone / Daisy Guttridge	Waiting	wy	1364530152
Sing(网易云)	Minefields	Faouzia / John Legend	Minefields	wy	1489234729
Sing(网易云)	I wanted you	Ina Wroldsen	Suddenly	wy	2772113
Sing(网易云)	Chaperone	Hurts	Desire	wy	509531459
Sing(网易云)	Superheroes	The Script	No Sound Without Silence	wy	29307029
Sing(网易云)	Can We Kiss Forever?	Kina	Can We Kiss Forever?	wy	1306507078
Sing(网易云)	Up&Up (Radio Edit)	Coldplay	Up&Up (Radio Edit)	wy	409931456
Sing(网易云)	I Am You	Kim Taylor	I Am You	wy	2919622
Sing(网易云)	Never Our Fault	Lucas Estrada	Never Our Fault	wy	1310022346
Sing(网易云)	Prayer X	King Gnu	Prayer X	wy	1299557936
Sing(网易云)	Lights	Ellie Goulding	Lights	wy	17654232
Sing(网易云)	Unstoppable	Sia	This Is Acting	wy	400876320
Sing(网易云)	Let Me In	Nomi	Let Me In	wy	28941851
Sing(网易云)	Sooner or Later	Mat Kearney	Young Love (Deluxe Edition)	wy	1703053
Sing(网易云)	Stitches	Sam Tsui	Sam Tsui Covers Vol.3	wy	36198480
Sing(网易云)	What Makes You Beautiful	Marc Sean	Covered in Covers, Vol. 1	wy	1076292
Sing(网易云)	Always Getting Over You	Angela Ammons	Angela Ammons	wy	2118992
Sing(网易云)	Everything's Alright	塞壬唱片-MSR / DJ OKAWARI / 澤田かおり	Everything's Alright	wy	1460626792
Sing(网易云)	I Want It That Way	Backstreet Boys	I Want It That Way	wy	3950552
Sing(网易云)	I'm So Sorry	Hearts & Colors	I'm So Sorry	wy	1373168761
Sing(网易云)	Bleeding Love	Boyce Avenue	Cover Sessions, Vol. 5	wy	27386720
Sing(网易云)	You Ruin Me	The Veronicas	You Ruin Me	wy	29407327
Sing(网易云)	Who I Am	David Archuleta	The Other Side of Down (Deluxe Edition)	wy	17241366
Sing(网易云)	They Don't Know About Us	One Direction	Take Me Home	wy	25882982
Sing(网易云)	Heroes Tonight	Janji / Johnning	Heroes Tonight	wy	32640115
Sing(网易云)	Constellation	Far Out / Karra	Constellation	wy	1429604070
Sing(网易云)	Rodeo	Robbie Nova	The Introduction	wy	28312036
Sing(网易云)	Dancing With a Stranger	Boyce Avenue / Emma Heesters	Dancing With a Stranger	wy	1401481617
Sing(网易云)	I Will Always Love You	Whitney Houston	I Will Always Love You	wy	3819561
Sing(网易云)	LA On A Saturday Night (Acoustic)	Hearts & Colors	LA On A Saturday Night (Acoustic)	wy	1327877878
Sing(网易云)	Everything Falls	Fee	Hope Rising	wy	17804651
Sing(网易云)	Timeless	SG Wannabe	I LOVE sg WANNA BE+(通常盤)	wy	1317331223
Sing(网易云)	Loving Strangers	Jocelyn Pook / Russian Red	Habitación En Roma	wy	2788529
Sing(网易云)	Leavin' Tomorrow	Goodnight Stand	꿈으로 와요	wy	481854957
Sing(网易云)	LAST STARDUST	Aimer	DAWN	wy	33418857
Sing(网易云)	Rewrite The Stars	Zac Efron / Zendaya	The Greatest Showman (Original Motion Picture Soundtrack)	wy	519362960
Sing(网易云)	Let It Go (From "Frozen"/Soundtrack Version)	Idina Menzel	Frozen (Original Motion Picture Soundtrack / Deluxe Edition)	wy	28031119
Sing(网易云)	Someone To You	BANNERS	Someone To You	wy	482988403
Sing(网易云)	Nothing's Gonna Change My Love For You	Westlife	The Rose	wy	2080326
Sing(网易云)	Do You Want to Build a Snowman? (From "Frozen"/Soundtrack Version)	Kristen Bell / Agatha Lee Monn / Katie Lopez	Frozen (Original Motion Picture Soundtrack / Deluxe Edition)	wy	28031114
Sing(网易云)	Believe Me (feat. Bobo & Styles Of Beyond)	Fort Minor / Eric Bobo / Styles of Beyond	The Rising Tied	wy	1345043
Sing(网易云)	Just the Way You Are	Bruno Mars	The Brit Awards Album 2011	wy	5093684
Sing(网易云)	Boulevard of Broken Dreams	Green Day	2006 Grammy Nominees	wy	5180484
Sing(网易云)	Way Back Home (Sam Feldt Edit)	SHAUN / Conor Maynard / Sam Feldt	Way Back Home (Sam Feldt Edit) (Download Ver.)	wy	1334246005
Sing(网易云)	I don't wanna see u anymore	NINEONE#乃万	I don't wanna see u anymore	wy	528326686
Sing(网易云)	Taylor Swift - Love Story (Chr1s Bootleg)	Chr1s	Love Story (Chr1s Bootleg)	wy	489500309
Sing(网易云)	Read All About It	THEO	I'll Be Your Hero	wy	406885489
Sing(网易云)	Never Enough	Boyce Avenue	Cover Sessions, Vol. 5	wy	1401695791
Sing(网易云)	East of Eden	Zella Day	East of Eden	wy	29009655
Sing(网易云)	The Greatest Showman Medley: The Greatest Show / A Million Dreams / Never Enough / Rewrite the Stars / This Is Me	Anthem Lights	The Greatest Showman Medley: The Greatest Show / A Million Dreams / Never Enough / Rewrite the Stars / This Is Me	wy	566519215
Sing(网易云)	Once Upon a Time	Max Oazo / Moonessa	Once Upon a Time (feat. Moonessa)	wy	1299570939
Sing(网易云)	Boom Clap (From the Motion Picture Das Schicksal ist ein mieser Verräter)	Charli xcx	The Fault In Our Stars: Music From The Motion Picture	wy	28566210
Sing(网易云)	We Won't Be Alone	Feint / Laura Brehm	We Won't Be Alone	wy	34766078
Sing(网易云)	Faded (Restrung)	Alan Walker	Faded	wy	404184010
Sing(网易云)	Valder Fields	Tamas Wells	A Plea en Vendredi	wy	2001320
Sing(网易云)	Take Me to Infinity (Radio Edit)	Consoul Trainin	Take Me to Infinity	wy	431855270
Sing(网易云)	Frozen Medley: Do You Wanna Build a Snowman? / For the First Time in Forever / Love Is an Open Door / Let It Go	Anthem Lights	Magical Medleys	wy	437802463
Sing(网易云)	Let Her Go	Passenger	All The Little Lights	wy	18161816
Sing(网易云)	Stranger Things (Alan Walker Remix)	Kygo / OneRepublic / Alan Walker	Kids in Love (Remixes)	wy	536243886
Sing(网易云)	TiK ToK	Kesha	Animal (Expanded Edition)	wy	2918954
Sing(网易云)	Dumb Ways to Die	Oliver McGill	Dumb Ways To Die	wy	27566312
Sing(网易云)	Somebody To You	The Vamps	Meet the Vamps	wy	28409210
Sing(网易云)	Wayward One	Jillian Rae	I Can't Be the One You Want Me to Be	wy	1376653715
Sing(网易云)	The Sound of Silence	Disturbed	Immortalized (Deluxe Edition)	wy	34125287
Sing(网易云)	The Best Days of My Life	Jason Gray	Love Will Have the Final Word	wy	28308340
Sing(网易云)	Letting Go	Jo De La Rosa	Unscripted	wy	18708516
Sing(网易云)	River	Bishop Briggs	River	wy	402070513
Sing(网易云)	Take Me To Your Heart	Michael Learns To Rock	Take Me to Your Heart	wy	4173190
Sing(网易云)	A World Away (feat. Alli Carter)	Sappheiros / Alli Carter	A World Away (feat. Alli Carter)	wy	1451301782
Sing(网易云)	Life Is Beautiful	The Afters	Life Is Beautiful	wy	3558691
Sing(网易云)	I Believe (Video / Radio Mix)	Bro'Sis	Never Forget (Where You Come From)	wy	2277660
Sing(网易云)	Land of Hope and Dreams	Bruce Springsteen	Wrecking Ball	wy	16657610
Sing(网易云)	By Your Side	RAYE / Jonas Blue	Crowd Pleasers	wy	456370693
Sing(网易云)	Move Up (Lost Gravity)	Mr. Polska	Ibiza 2016	wy	545165146
Sing(网易云)	Love Me Like You Do	Ellie Goulding	Love Me Like You Do (From "Fifty Shades of Grey")	wy	29966565
Sing(网易云)	Daylight (Live From Paris)	Taylor Swift	Daylight (Live From Paris)	wy	1449130127
Sing(网易云)	Love Story (ZRZ remix)	F**kNetEaseMusic	2018	wy	553060533
Sing(网易云)	Where Is Your Love	J. Lisk	Where Is Your Love	wy	458725081
Sing(网易云)	Silhouettes Of You	Isaac Gracie	Silhouettes Of You	wy	506224180
Sing(网易云)	Fractures	ILLENIUM / Nevve	Awake	wy	507585220
Sing(网易云)	One Day	Matisyahu	One Day	wy	21157332
Sing(网易云)	Renegades	X Ambassadors	VHS	wy	31789002
Sing(网易云)	Different World	Alan Walker / K-391 / CORSAK胡梦周 / Sofia Carson	Different World	wy	1328047738
Sing(网易云)	One Last Time	Justin Bryte	One Last Time	wy	30798612
Sing(网易云)	道	向井太一	SAVAGE	wy	1391644349
Sing(网易云)	リセット	向井太一	リセット	wy	1311347602
Sing(网易云)	The Loneliest Girl	Nai Br.XX / Celeina Ann	TVアニメ「キャロル＆チューズデイ」VOCAL COLLECTION Vol.1	wy	1381578834
Sing(网易云)	Wicked Wonderland (Radio Edit)	Tungevaag	Wicked Wonderland	wy	28694864
Sing(网易云)	Wake	Capitol Kids!	Capitol Kids! Worship	wy	29542751
Sing(网易云)	Nothing's Gonna Change My Love	Dana Winner	Unforgettable	wy	17304658
Sing(网易云)	Way Back	Vicetone / Cozi Zuehlsdorff	Way Back	wy	543987451
Sing(网易云)	Dance Monkey	Tones and I	The Kids Are Coming	wy	1386693749
Sing(网易云)	Titanium	David Guetta / Che'Nelle	Titanium (feat. Che'Nelle)	wy	26180793
Sing(网易云)	Shots (Broiler Remix)	Imagine Dragons / Broiler	Shots	wy	31789010
Sing(网易云)	Catch My Breath	Kelly Clarkson	Remixes Big Deluxe	wy	26613394
Sing(网易云)	End Of The Night	Danny Avila	End Of The Night	wy	1324159296
Sing(网易云)	Legend	The Score	Myths & Legends	wy	471411253
Sing(网易云)	Solo Dance	Martin Jensen	Solo Dance	wy	439076364
Sing(网易云)	Coming Home (A.N.O. Remix)	Skylar Grey / The Paragon Axis / A.N.O.	Coming Home	wy	33418501
Sing(网易云)	The Story Never Ends	LAUV	I met you when I was 18. (the playlist)	wy	563999351
Sing(网易云)	I Do	911	I Do	wy	28256115
Sing(网易云)	Glad You Came	The Wanted	Glad You Came	wy	19567986
Sing(网易云)	なんでもないや/没什么大不了（REGG$HOTS REMIX）（翻自 RADWIMPS）	夏璃夜 / RADI8	なんでもないや/没什么大不了（REGG$HOTS REMIX）	wy	1295879896
Sing(网易云)	Something Just Like This(Megamix)	AnDyWuMUSICLAND / Worry Free Studios	Something Just Like This (Megamix)	wy	471565537
Sing(网易云)	Sucker for You	Matt Terry	Sucker for You	wy	511678913
Sing(网易云)	Cake (Challenge Version)	Flo Rida / 99 Percent	This Is A Challenge	wy	447296411
Sing(网易云)	Jar Of Love	曲婉婷	Everything In The World (白金庆功版)	wy	25713016
Sing(网易云)	Immortals (End Credit Version) ["From "Big Hero 6”]	Fall Out Boy	Immortals (End Credit Version) ["From "Big Hero 6”]	wy	29535483
Sing(网易云)	Love Paradise	陈慧琳	Stylish Index(第2版)	wy	213737
Sing(网易云)	Counting Stars	OneRepublic	Native (Deluxe Version)	wy	26060065
Sing(网易云)	Monsters	Katie Sky	Monsters	wy	28481189
Sing(网易云)	Legends Never Die	英雄联盟 / Against the Current	Legends Never Die	wy	506196018
Sing(网易云)	Wild	Monogem	Wild	wy	441491410
Sing(网易云)	Fight For Love	AnDyWuMUSICLAND	Fight For Love	wy	403710016
Sing(网易云)	Avem (The Aviation Theme)	Alan Walker	Avem (The Aviation Theme)	wy	1400077458
Sing(网易云)	Rock N Roll (Clean Version)	Avril Lavigne	30 Stars: Pop	wy	35661139
Sing(网易云)	Best of 2017 Medley	Anthem Lights	Best of 2017 Medley	wy	526652668
Sing(网易云)	Animals	Maroon 5	Animals	wy	28987626
Sing(网易云)	Right Now (Na Na Na)	Akon	Right Now (Na Na Na)	wy	16375205
Sing(网易云)	Love Story	Taylor Swift	Fearless	wy	19292984
Sing(网易云)	Free Loop	Daniel Powter	Cf, Movie & Drama Hits 广告，开麦拉！	wy	5253801
Sing(网易云)	We Can't Stop	Boyce Avenue / Bea Miller	Cover Sessions, Vol. 3	wy	29480187
Sing(网易云)	Revolution	The Score	Myths & Legends	wy	471411255
Sing(网易云)	All Falls Down	Alan Walker / Noah Cyrus / Digital Farm Animals / Juliander	All Falls Down	wy	515453363
Sing(网易云)	Almost Forgot (Ryan Riback Remix)	Against the Current / Ryan Riback	Almost Forgot (Ryan Riback Remix)	wy	1382359260
Sing(网易云)	Hold Us Together	WILD	Hold Us Together	wy	480517594
Sing(网易云)	Sing Me to Sleep	Alan Walker / Iselin Solheim	Sing Me To Sleep	wy	415792222
Sing(网易云)	Alone	Alan Walker	Alone	wy	444269135
Sing(网易云)	Contact	Lulleaux / Giang Pham	Contact	wy	500412390
Sing(网易云)	Six Feet Under	Billie Eilish	Six Feet Under	wy	418603177
Sing(网易云)	Stronger	Kelly Clarkson	Kids Top 20 - De Grootste Hits Van 2013 - Summer Edition 2013	wy	26569168
Sing(网易云)	Beautiful Now	Zedd / Jon Bellion	True Colors	wy	32019002
Sing(网易云)	Cheap Thrills	Sia	This Is Acting	wy	39224884
Sing(网易云)	YouTube-Pop2017 Mashup (TakeItSlow)（DJdrybone remix）	DJdrybone	YouTube - Pop2017 Mashup (TakeItSlow)	wy	531323037
Sing(网易云)	My Love	Westlife	Het Beste Uit De Mega Top 100 '01	wy	26867112
Sing(网易云)	Gentleman	戴爱玲 / 刘伟德	爱情公寓4 电视原声带	wy	28219175
Sing(网易云)	Demons	Imagine Dragons	Night Visions (Deluxe)	wy	19945735
Sing(网易云)	I Don't Wanna Live Forever	Nicole Cross	I Don't Wanna Live Forever	wy	504581208
Sing(网易云)	Home (Radio Edit)	ThimLife / Bibiane Z	Home	wy	442605343
Sing(网易云)	Dying For You	Lindsey Stirling / Otto Knows / Alex Aris	Dying For You	wy	36307863
Sing(网易云)	Hero (feat. Christina Perri)	Cash Cash / Christina Perri	Blood, Sweat & 3 Years	wy	418603096
Sing(网易云)	Tik Tok	2PM / 尹恩惠	Tik Tok	wy	5416561
Sing(网易云)	Walk Thru Fire	Vicetone / Meron Ryan	Walk Thru Fire	wy	1297498908
Sing(网易云)	After the Afterparty (feat. Lil Yachty)	Charli xcx / Lil Yachty	After the Afterparty (feat. Lil Yachty)	wy	437605840
Sing(网易云)	I Really Like You	Carly Rae Jepsen	I Really Like You	wy	30841076
Sing(网易云)	Hangover	Taio Cruz / Flo Rida	Hangover	wy	3570196
Sing(网易云)	Die Young	Kesha	Die Young	wy	25704014
Sing(网易云)	POP/STARS	K/DA / Madison Beer / i-dle / Jaira Burns	POP/STARS	wy	1321385655
Sing(网易云)	Payphone	Maroon 5 / Wiz Khalifa	Payphone	wy	4172700
Sing(网易云)	Need You Now (iTunes Session)	Lady A	iTunes Session	wy	4154790
Sing(网易云)	U Make Me Wanna	Blue	One Love	wy	16858400
Sing(网易云)	Together(loskop remix)	loskop / Paradise / Grace	Together(loskop remix)	wy	36089306
Sing(网易云)	Send It (feat. Rich Homie Quan)	Austin Mahone / Rich Homie Quan	Send It (feat. Rich Homie Quan)	wy	426291544
Sing(网易云)	Superstar	Beatrich	Superstar	wy	492145159
Sing(网易云)	Ferrari	Bebe Rexha	Expectations	wy	550936829
Sing(网易云)	Skin	Rag’n’Bone Man	Skin	wy	455653437
Sing(网易云)	HandClap	Fitz and The Tantrums	Fitz and The Tantrums (Deluxe Edition)	wy	407839677
Sing(网易云)	Believer	Imagine Dragons	Rock Motivation	wy	545200868
Sing(网易云)	The Girl	Hellberg / Cozi Zuehlsdorff	The Girl	wy	31081067
Sing(网易云)	Into The Fire	Thirteen Senses	The 4400	wy	5045994
Sing(网易云)	Look What You Made Me Do（Cover Taylor Swift）	漆柚 / 三畿道	【三畿道x漆柚】Look What You Made Me Do	wy	529070578
Sing(网易云)	Best of 2015: Style / What Do You Mean / Uptown Funk / Love Me Like You Do / Watch Me / See You Again	Anthem Lights	Best of 2015: Style / What Do You Mean / Uptown Funk / Love Me Like You Do / Watch Me / See You Again	wy	403012359
Sing(网易云)	Best of 2014: Problem / Boom Clap / Rude / Am I Wrong / All About That Bass / All of Me / Chandelier / Blank Space / Not a Bad Thing / Happy	Anthem Lights	Best Of 2007-2014 Medley	wy	409060215
Sing(网易云)	Best of 2013 Mash-Up	Anthem Lights	Anthem Lights Covers Part II	wy	27984284
Sing(网易云)	Rolling in the Deep	Adele	Rolling in the Deep	wy	16435051
Sing(网易云)	You're Beautiful	James Blunt	So Beautiful 1	wy	5179544
Sing(网易云)	Try Everything	Shakira	Zootopia (Original Motion Picture Soundtrack)	wy	405485737
Sing(网易云)	Apologize	Timbaland / OneRepublic	Now Big Hits 2008 (Danish Edition)	wy	5138277
Sing(网易云)	Wolves	Selena Gomez / Marshmello	Wolves	wy	515269424
Sing(网易云)	There For You	Martin Garrix / Troye Sivan	There For You	wy	480426313
Sing(网易云)	Just the Way You Are	Bruno Mars	2011 Grammy Nominees	wy	24197377
Sing(网易云)	Welcome to New York (Single Version)	A.M.7.	Welcome to New York (A Tribute to Taylor Swift)	wy	483223413
Sing(网易云)	Home We'll Go (Take My Hand)	Steve Aoki / Walk off the Earth	Neon Future Odyssey	wy	35403510
Sing(网易云)	Something Just Like This	The Chainsmokers / Coldplay	Memories...Do Not Open	wy	470547653
Sing(网易云)	See You Again	Wiz Khalifa / Charlie Puth	Furious 7: Original Motion Picture Soundtrack (Deluxe)	wy	30953009
Sing(网易云)	As Long As You Love Me	Justin Bieber / Big Sean	As Long As You Love Me	wy	1518938
Sing(网易云)	Rockabye	MADILYN	Rockabye	wy	466343680
Sing(网易云)	I Just Wanna Run	The Downtown Fiction	Best I Never Had	wy	4386589
Sing(网易云)	Maps	Alyson Stoner / MAX / Kurt Hugo Schneider	Maps	wy	31152570
Sing(网易云)	The Way We Are	Remady	The Original 2k13 Edition	wy	26292065
Sing(网易云)	YOUTH	Troye Sivan	Blue Neighbourhood (Deluxe)	wy	36668810
Sing(网易云)	Love Yourself	Justin Bieber	Purpose (Deluxe)	wy	36496695
Sing(网易云)	Call Me Maybe	Carly Rae Jepsen	Curiosity	wy	2313949
Sing(网易云)	Wrecking Ball	Miley Cyrus	Wrecking Ball	wy	27697195
Sing(网易云)	Hall of Fame	The Script / will.i.am	#3 Deluxe Version	wy	19542337
Sing(网易云)	All Time Low	Kurt Hugo Schneider / Sam Tsui / Casey Breves	All Time Low	wy	461544312
Sing(网易云)	Crime	Grey / Skott	Crime	wy	504492138
Sing(网易云)	Love The Way You Lie	Eminem / Rihanna	Life After Recovery	wy	1297841
Sing(网易云)	Stay Here Forever (Acoustic)	Jewel	Sweet And Wild (Acoustic)	wy	18836961
Sing(网易云)	Mine (Illenium Remix)	ILLENIUM / Phoebe Ryan	Mine (ILLENIUM Remix)	wy	30780496
Sing(网易云)	How to Love (feat. Sofia Reyes)	Cash Cash / Sofia Reyes	Blood, Sweat & 3 Years	wy	418602116
Sing(网易云)	Blue Sky	Feenixpawl / Mary Jane Smith	Blue Sky	wy	32807699
Sing(网易云)	Stuttering	Fefe Dobson	Stuttering	wy	17783969
Sing(网易云)	i hate u, i love u (feat. olivia o'brien)	gnash / Olivia O'Brien	i hate u, i love u (feat. olivia o'brien)	wy	34229234
Sing(网易云)	All We Know	The Chainsmokers / Phoebe Ryan	All We Know	wy	432698441
Sing(网易云)	Tonight (R.I.O. Video Edit)	Manian / Nicco	Ready or Not	wy	26389051
Sing(网易云)	Meant To Be	J-Hype	Devoted To You	wy	29803218
Sing(网易云)	Hymn For The Weekend（Remix）	Alan Walker / Coldplay	Hymn For The Weekend [Remix]	wy	419594258
Sing(网易云)	Apollo	Timebelle	Apollo	wy	466343934
Sing(网易云)	Symphony	Zara Larsson / Clean Bandit	So Good	wy	464674427
Sing(网易云)	We Don't Talk Anymore	Charlie Puth / Selena Gomez	Nine Track Mind	wy	401249910
Sing(网易云)	Something Just Like This	The Chainsmokers / Coldplay	Something Just Like This	wy	461347998
Sing(网易云)	Shape of You	Ed Sheeran	Shape of You	wy	451703096
Sing(网易云)	Love Me	Justin Bieber	My World	wy	18637919
Sing(网易云)	Please Don't Go	Joel Adams	Please Don't Go	wy	37653063
Sing(网易云)	Remember The Name (feat. Styles Of Beyond)	Fort Minor / Styles of Beyond	The Rising Tied	wy	1345018
Sing(网易云)	More Than You Know	Axwell Λ Ingrosso	More Than You Know	wy	498331794
Sing(网易云)	Best of 2016 Medley: Stressed Out / 7 Years / Work / Treat You Better / Can't Stop the Feeling / Closer / 24k	Anthem Lights	Best of 2016 Medley: Stressed Out / 7 Years / Work / Treat You Better / Can't Stop the Feeling / Closer / 24k	wy	449577784
Sing(网易云)	Shine	Felix Jaehn / Linying / Freddy Verano	Shine	wy	28798439
Sing(网易云)	Love Me Like You Do	Ellie Goulding	Delirium	wy	36308236
Sing(网易云)	What Are Words	Chris Medina	What Are Words	wy	1210461
Sing(网易云)	Before You Break My Heart	Stevie Hoang	All For You	wy	1940312
Sing(网易云)	All I Have Is Love	Stevie Hoang	Summer Love	wy	1940368
Sing(网易云)	Fall In Love	Ramzi	Fall In Love (Radio Edit)	wy	1884993
Sing(网易云)	Negative Things	Selwyn	Meant To Be	wy	1940926
Sing(网易云)	New York	Baptiste Giabiconi	Oxygen	wy	26270153
Sing(网易云)	Love Again	Dana Lowrey	Love Again	wy	32803372
